{"current":{"color_header_bg":"#ffffff","color_header_links":"#4c4c4c","color_body_bg":"#f0f0f0","color_content_bg":"#ffffff","color_body_headings":"#222222","color_body_text":"#666","color_button_bg":"#d8232f","color_button_text":"#fff","color_footer_bg":"#848484","color_footer_text":"#ffffff","color_hero_text":"#fff","color_hero_bg":"#d8232f","type_accent_family":"Google_Open+Sans+Condensed_400_sans","type_accent_bold":true,"type_accent_spacing":false,"type_accent_transform":true,"type_base_family":"Google_Source+Sans+Pro_400_sans","type_base_size":"17px","type_nav_size":"14px","type_nav_spacing":true,"type_nav_transform":true,"product_images_padding":true,"product_vendor_enable":true,"share_image":"shopify:\/\/shop_images\/facebook-mobile.jpg","social_facebook_link":"https:\/\/www.facebook.com\/One-Direction-Linkz-1998664093730083\/","social_twitter_link":"https:\/\/twitter.com\/AdotLamarr","social_pinterest_link":"https:\/\/www.pinterest.com\/onedirectionlinkz\/pins\/","social_instagram_link":"https:\/\/www.instagram.com\/adot.lamarr\/","social_tumblr_link":"","social_snapchat_link":"","social_youtube_link":"https:\/\/youtu.be\/ClTG__HuwwM","social_vimeo_link":"","share_facebook":true,"share_twitter":true,"share_pinterest":true,"favicon":"","checkout_header_image":"","checkout_logo_image":"","checkout_logo_position":"left","checkout_logo_size":"medium","checkout_body_background_image":"","checkout_body_background_color":"#fff","checkout_input_background_color_mode":"white","checkout_sidebar_background_image":"","checkout_sidebar_background_color":"#fafafa","checkout_heading_font":"-apple-system, BlinkMacSystemFont, 'Segoe UI', Roboto, Helvetica, Arial, sans-serif, 'Apple Color Emoji', 'Segoe UI Emoji', 'Segoe UI Symbol'","checkout_body_font":"-apple-system, BlinkMacSystemFont, 'Segoe UI', Roboto, Helvetica, Arial, sans-serif, 'Apple Color Emoji', 'Segoe UI Emoji', 'Segoe UI Symbol'","checkout_accent_color":"#d8232f","checkout_button_color":"#d8232f","checkout_error_color":"#e32c2b","checkout_banner_background_color":"#fff","checkout_call_to_action_color":"#d8232f","checkout_use_header_image":false,"color_newsletter_input":"#303030","sections":{"slideshow":{"type":"slideshow","blocks":{"placeholder":{"type":"slide","settings":{"image":"shopify:\/\/shop_images\/product-image-354792927_large_1474a9d8-6eb3-4890-a317-5d1684a7f74c.jpg","title":"Prices Never Looked So In Shape","subheading":"Men’s & Women Fitness Wear","link":"shopify:\/\/products\/2017-mesh-breathable-women-sportswear-skinny-patchwork-sporting-leggings-mesh-yoga-leggings-fitness-sports-pants-e8"}},"1526246443071":{"type":"slide","settings":{"image":"shopify:\/\/shop_images\/case-cellphone-design-850885.jpg","title":"iPhone Accessories & More","subheading":"Protect Your Phone","link":"shopify:\/\/products\/geometric-x-iphone-5c-5s-se-6-6-plus-6s-6s-plus-7-7-plus-7s-7s-plus-8-8-plus-x-case-samsung-galaxy-s4-s8"}},"1526246533434":{"type":"slide","settings":{"image":"shopify:\/\/shop_images\/product-image-618632967_grande_e6f951d9-383f-4916-8a28-5b0620c59798.jpg","title":"Capture Moments in 4K HD 1080p","subheading":"Your moments caught in HD","link":"shopify:\/\/products\/andoer-4k-1080p-48mp-wifi-digital-video-camera"}},"1526246634634":{"type":"slide","settings":{"image":"shopify:\/\/shop_images\/computer-device-earphones-583842.jpg","title":"Laptops & SmartPhones @WOW! Prices!","subheading":"Name Brand Accessories for all your Electronics! HOT SALE","link":"shopify:\/\/products\/cewaal-new-high-quality-14-inch-4-cores-laptops-wifi-ultra-thin-notebook-pc-tablets-eu-plug-2gb-32gb-battery-intel-atom-z3735f"}}},"block_order":["placeholder","1526246443071","1526246533434","1526246634634"],"settings":{}},"footer":{"type":"footer","blocks":{"linklist":{"type":"menu","settings":{"link_list":"footer"}},"social":{"type":"social","settings":{"title":"Follow us","align":"center"}}},"block_order":["linklist","social"],"settings":{}},"featured-collections":{"type":"featured-collections","disabled":true,"blocks":{"featured-collections-0":{"type":"collection","settings":{"collection":""}},"featured-collections-1":{"type":"collection","settings":{"collection":""}},"featured-collections-2":{"type":"collection","settings":{"collection":""}}},"block_order":["featured-collections-0","featured-collections-1","featured-collections-2"],"settings":{"stretch_collection_image":false}},"featured-products":{"type":"featured-products","settings":{"collection":"frontpage","rows":2}},"header":{"type":"header","settings":{"logo":"shopify:\/\/shop_images\/46187201-E6FF-46C1-B234-E99DC25F450F.jpeg","logo_max_width":"130","main_linklist":"main-menu","promo_bar_enable":true,"promo_bar_text":"25%OFF YOUR FIRST ORDER!","promo_bar_link":""}},"1526249003991":{"type":"video","settings":{"button_label":"Play","video_url":"https:\/\/youtu.be\/_JGAndKiKBk","cover_image":"shopify:\/\/shop_images\/4kHDcam.png","cover_image_position":"center right","cover_image_height":"short","show_overlay":true,"overlay_color":"#000000","overlay_opacity":40}},"featured-products-subsection":{"type":"featured-products-subsection","settings":{"collection":""}},"product-template":{"type":"product-template","settings":{"enable_ajax":true,"stock_enable":true,"enable_payment_button":true,"social_sharing_products":true}},"1526276387673":{"type":"link-block","blocks":{"1526276387673-0":{"type":"link_block","settings":{"image":"shopify:\/\/shop_images\/12.JPG","link":"","cta_label":"Beats By Dre"}},"1526276387673-1":{"type":"link_block","settings":{"image":"shopify:\/\/shop_images\/DG4964_092914_Feautre_EC_ElectronicGiftsBeats_v2.jpg","link":"","cta_label":"Beats By Dre Accessories"}}},"block_order":["1526276387673-0","1526276387673-1"],"settings":{}},"cart-template":{"type":"cart-template","settings":{"cart_notes_enable":true}},"list-collections-template":{"type":"list-collections-template","blocks":{"1526277397337":{"type":"collection","settings":{"collection":"worlds-best-gift"}}},"block_order":["1526277397337"],"settings":{"display_type":"all","layout":"list","sort":"alphabetical"}},"image-content":{"type":"image-content","blocks":{"image-content-0":{"type":"image_block","settings":{"image":"shopify:\/\/shop_images\/black-and-white-fashion-jumping-119972.jpg"}},"image-content-1":{"type":"text_block","settings":{"title":"Bargain A#S% Kicking Deal","text":"<p><em>Why is our Prices So <strong>LOW<\/strong>? Ask our vendors.... <strong>One direction Linkz<\/strong><\/em> work hard to <em>Guarantee Competitor Crushing Prices!<\/em> If you there is a price that <strong>YOU<\/strong>, as the customer thinks is too high, <em>Than We'll&nbsp;Bargain that price and match that at a<\/em> <a href=\"\/pages\/contact-us\" title=\"Contact Us\"><em><strong>LOWERED CUSTOMER REQUESTED PRICE<\/strong><\/em><\/a>. <em>\" Thats Our Motto An We Live By It! \"<\/em> <strong>- Anthony<\/strong><\/p>","align":"left"}},"1526371591513":{"type":"text_block","settings":{"title":"Why Choose Us!","text":"<p><em>Ask a <strong>REAL QUESTION!<\/strong><\/em> <em><a href=\"\/pages\/about-us\" title=\"About Us\"><strong>One Direction Linkz<\/strong><\/a>,<\/em> Might be a <em>Starter Company!<\/em> But I've <em>Personally<\/em> done my <em>Research<\/em> On certain and particular Products for Our Customer and Clients.<a href=\"https:\/\/www.amazon.com\/gp\/search?ie=UTF8&amp;tag=odlinkz-20&amp;linkCode=ur2&amp;linkId=10dd9d5503c23f483d733c7c1b114dc7&amp;camp=1789&amp;creative=9325&amp;index=books&amp;keywords=budget%20shopping&quot;&gt;Best Selling Books On Budget Shopping&lt;\/a&gt;&lt;img src=&quot;\/\/ir-na.amazon-adsystem.com\/e\/ir?t=odlinkz-20&amp;l=ur2&amp;o=1\" title=\"https:\/\/www.amazon.com\/gp\/search?ie=UTF8&amp;tag=odlinkz-20&amp;linkCode=ur2&amp;linkId=10dd9d5503c23f483d733c7c1b114dc7&amp;camp=1789&amp;creative=9325&amp;index=books&amp;keywords=budget shopping&quot;&gt;Best Selling Books On Budget Shopping&lt;\/a&gt;&lt;img src=&quot;\/\/ir-na.amazon-adsystem.com\/e\/ir?t=odlinkz-20&amp;l=ur2&amp;o=1\"><em> \" <strong>Now We All Have The Power! \"<\/strong><\/em><\/a> High <em>PRICE<\/em> you <em>Bargain low to were we create wealth for the both.<\/em><\/p>","align":"right"}},"1526373201165":{"type":"image_block","settings":{"image":"shopify:\/\/shop_images\/facebook-mobile.jpg"}}},"block_order":["image-content-0","image-content-1","1526373201165","1526371591513"],"settings":{}}},"content_for_index":["featured-collections","featured-products","image-content","1526249003991","1526276387673"]},"presets":{"Snowboards":{"checkout_accent_color":"#006eff","checkout_banner_background_color":"#fff","checkout_button_color":"#006eff","checkout_call_to_action_color":"#006eff","checkout_use_header_image":false,"color_body_bg":"#f7f7f7","color_body_headings":"#030303","color_body_text":"#666","color_button_bg":"#006eff","color_button_text":"#fff","color_content_bg":"#fff","color_footer_bg":"#030303","color_footer_text":"#fff","color_header_bg":"#030303","color_header_links":"#fff","color_hero_bg":"#006eff","color_hero_text":"#fff","color_newsletter_input":"#1a1a1a","type_accent_bold":false,"type_accent_family":"Google_Unica+One_400_sans","type_accent_spacing":true,"type_accent_transform":true,"type_base_family":"Google_Karla_400_sans","type_base_size":"16px","type_nav_size":"14px","type_nav_spacing":true,"type_nav_transform":true,"sections":{"slideshow":{"type":"slideshow","blocks":{"placeholder":{"type":"slide","settings":{}}},"block_order":["placeholder"],"settings":{}},"footer":{"type":"footer","blocks":{"linklist":{"type":"menu","settings":{}},"social":{"type":"social","settings":{}}},"block_order":["linklist","social"],"settings":{}},"featured-collections":{"type":"featured-collections","blocks":{"featured-collections-0":{"type":"collection","settings":{}},"featured-collections-1":{"type":"collection","settings":{}},"featured-collections-2":{"type":"collection","settings":{}}},"block_order":["featured-collections-0","featured-collections-1","featured-collections-2"],"settings":{}},"featured-products":{"type":"featured-products","settings":{"collection":"frontpage"}},"image-content":{"type":"image-content","blocks":{"image-content-0":{"type":"image_block","settings":{}},"image-content-1":{"type":"text_block","settings":{}}},"block_order":["image-content-0","image-content-1"],"settings":{}}},"content_for_index":["featured-collections","featured-products","image-content"]},"Outdoors":{"checkout_accent_color":"#f4743c","checkout_banner_background_color":"#fff","checkout_button_color":"#f4743c","checkout_call_to_action_color":"#f4743c","checkout_use_header_image":false,"color_body_bg":"#f7f7f7","color_body_headings":"#1a1a1a","color_body_text":"#666","color_button_bg":"#c04f1d","color_button_text":"#fff","color_content_bg":"#ffffff","color_footer_bg":"#213236","color_footer_text":"#fff","color_header_bg":"#213236","color_header_links":"#ffffff","color_hero_bg":"#f4743c","color_hero_text":"#fff","color_newsletter_input":"#425154","type_accent_bold":true,"type_accent_family":"Google_Lora_400_serif","type_accent_spacing":false,"type_accent_transform":false,"type_base_family":"Google_Roboto_400_sans","type_base_size":"14px","type_nav_size":"15px","type_nav_spacing":false,"type_nav_transform":false},"Boxing":{"checkout_accent_color":"#d8232f","checkout_banner_background_color":"#fff","checkout_button_color":"#d8232f","checkout_call_to_action_color":"#d8232f","checkout_use_header_image":false,"color_body_bg":"#f0f0f0","color_body_headings":"#222222","color_body_text":"#666","color_button_bg":"#d8232f","color_button_text":"#fff","color_content_bg":"#ffffff","color_footer_bg":"#222222","color_footer_text":"#ffffff","color_header_bg":"#222222","color_header_links":"#ffffff","color_hero_bg":"#d8232f","color_hero_text":"#fff","color_newsletter_input":"#303030","type_accent_bold":true,"type_accent_family":"Google_Open+Sans+Condensed_400_sans","type_accent_spacing":false,"type_accent_transform":true,"type_base_family":"Google_Source+Sans+Pro_400_sans","type_base_size":"17px","type_nav_size":"14px","type_nav_spacing":true,"type_nav_transform":true}}}