[
  {
    "name": "theme_info",
    "theme_name": "Venture",
    "theme_author": "Shopify",
    "theme_version": "4.3.0",
    "theme_documentation_url": "https://help.shopify.com/manual/using-themes/themes-by-shopify/venture",
    "theme_support_url": "https://support.shopify.com/"
  },
  {
    "name": "Colors",
    "settings": [
      {
        "type": "header",
        "content": "Header"
      },
      {
        "type": "color",
        "id": "color_header_bg",
        "label": "Background",
        "default": "#000"
      },
      {
        "type": "color",
        "id": "color_header_links",
        "label": "Links",
        "default": "#fff"
      },
      {
        "type": "header",
        "content": "Page"
      },
      {
        "type": "color",
        "id": "color_body_bg",
        "label": "Page background",
        "default": "#fff"
      },
      {
        "type": "color",
        "id": "color_content_bg",
        "label": "Content background",
        "default": "#fff"
      },
      {
        "type": "color",
        "id": "color_body_headings",
        "label": "Heading text",
        "default": "#1a1a1a"
      },
      {
        "type": "color",
        "id": "color_body_text",
        "label": "Body text",
        "info": "This text should be clearly visible against page and content backgrounds colors",
        "default": "#666"
      },
      {
        "type": "color",
        "id": "color_button_bg",
        "label": "Buttons, links, and promotion bar",
        "default": "#006eff"
      },
      {
        "type": "color",
        "id": "color_button_text",
        "label": "Button text",
        "default": "#fff"
      },
      {
        "type": "header",
        "content": "Footer"
      },
      {
        "type": "color",
        "id": "color_footer_bg",
        "label": "Background",
        "default": "#000"
      },
      {
        "type": "color",
        "id": "color_footer_text",
        "label": "Text",
        "default": "#fff"
      },
      {
        "type": "header",
        "content": "Slideshow titles"
      },
      {
        "type": "color",
        "id": "color_hero_text",
        "label": "Text",
        "default": "#fff"
      },
      {
        "type": "color",
        "id": "color_hero_bg",
        "label": "Text background",
        "default": "#006eff"
      }
    ]
  },
  {
    "name": "Typography",
    "settings": [
      {
        "type": "header",
        "content": "Accent text"
      },
      {
        "type": "select",
        "id": "type_accent_family",
        "label": "Font",
        "options": [
          {
            "value": "Arial, 'Helvetica Neue', Helvetica, sans-serif",
            "label": "Arial",
            "group": "Sans-serif"
          },
          {
            "value": "'Avant Garde', Avantgarde, 'Century Gothic', CenturyGothic, 'AppleGothic', sans-serif",
            "label": "Avant Garde",
            "group": "Sans-serif"
          },
          {
            "value": "Candara, Calibri, Segoe, 'Segoe UI', Optima, Arial, sans-serif",
            "label": "Candara",
            "group": "Sans-serif"
          },
          {
            "value": "Geneva, Tahoma, Verdana, sans-serif",
            "label": "Geneva",
            "group": "Sans-serif"
          },
          {
            "value": "'Gill Sans', 'Gill Sans MT', Calibri, sans-serif",
            "label": "Gill Sans",
            "group": "Sans-serif"
          },
          {
            "value": "'HelveticaNeue', 'Helvetica Neue', Helvetica, Arial, sans-serif",
            "label": "Helvetica Neue",
            "group": "Sans-serif"
          },
          {
            "value": "Google_Droid+Sans_400_sans",
            "label": "Droid Sans",
            "group": "Sans-serif | Google Web Fonts"
          },
          {
            "value": "Google_Karla_400_sans",
            "label": "Karla",
            "group": "Sans-serif | Google Web Fonts"
          },
          {
            "value": "Google_Lato_400_sans",
            "label": "Lato",
            "group": "Sans-serif | Google Web Fonts"
          },
          {
            "value": "Google_Montserrat_400_sans",
            "label": "Montserrat",
            "group": "Sans-serif | Google Web Fonts"
          },
          {
            "value": "Google_Open+Sans_400_sans",
            "label": "Open Sans",
            "group": "Sans-serif | Google Web Fonts"
          },
          {
            "value": "Google_Open+Sans+Condensed_400_sans",
            "label": "Open Sans Condensed",
            "group": "Sans-serif | Google Web Fonts"
          },
          {
            "value": "Google_PT+Sans_400_sans",
            "label": "PT Sans",
            "group": "Sans-serif | Google Web Fonts"
          },
          {
            "value": "Google_Quantico_400_sans",
            "label": "Quantico",
            "group": "Sans-serif | Google Web Fonts"
          },
          {
            "value": "Google_Roboto_400_sans",
            "label": "Roboto",
            "group": "Sans-serif | Google Web Fonts"
          },
          {
            "value": "Google_Source+Sans+Pro_400_sans",
            "label": "Source Sans Pro",
            "group": "Sans-serif | Google Web Fonts"
          },
          {
            "value": "Google_Ubuntu_400_sans",
            "label": "Ubuntu",
            "group": "Sans-serif | Google Web Fonts"
          },
          {
            "value": "Google_Unica+One_400_sans",
            "label": "Unica One",
            "group": "Sans-serif | Google Web Fonts"
          },
          {
            "value": "'Big Caslon', 'Book Antiqua', 'Palatino Linotype', Georgia, serif",
            "label": "Big Caslon",
            "group": "Serif"
          },
          {
            "value": "'Calisto MT', 'Bookman Old Style', Bookman, 'Goudy Old Style', Garamond, 'Hoefler Text', 'Bitstream Charter', Georgia, serif",
            "label": "Calisto MT",
            "group": "Serif"
          },
          {
            "value": "Baskerville, 'Baskerville Old Face', 'Hoefler Text', Garamond, 'Times New Roman', serif",
            "label": "Baskerville",
            "group": "Serif"
          },
          {
            "value": "Garamond, Baskerville, 'Baskerville Old Face', 'Hoefler Text', 'Times New Roman', serif",
            "label": "Garamond",
            "group": "Serif"
          },
          {
            "value": "TimesNewRoman, 'Times New Roman', Times, Baskerville, Georgia, serif",
            "label": "Times New Roman",
            "group": "Serif"
          },
          {
            "value": "Google_Arvo_400_serif",
            "label": "Arvo",
            "group": "Serif | Google Web Fonts"
          },
          {
            "value": "Google_Crimson+Text_400_serif",
            "label": "Crimson Text",
            "group": "Serif | Google Web Fonts"
          },
          {
            "value": "Google_Droid+Serif_400_serif",
            "label": "Droid Serif",
            "group": "Serif | Google Web Fonts"
          },
          {
            "value": "Google_Lora_400_serif",
            "label": "Lora",
            "group": "Serif | Google Web Fonts"
          },
          {
            "value": "Google_Old+Standard+TT_400_serif",
            "label": "Old Standard",
            "group": "Serif | Google Web Fonts"
          },
          {
            "value": "Google_PT+Serif_400_serif",
            "label": "PT Serif",
            "group": "Serif | Google Web Fonts"
          },
          {
            "value": "Google_Vollkorn_400_serif",
            "label": "Vollkorn",
            "group": "Serif | Google Web Fonts"
          }
        ]
      },
      {
        "type": "checkbox",
        "id": "type_accent_bold",
        "label": "Bold text",
        "default": false
      },
      {
        "type": "checkbox",
        "id": "type_accent_spacing",
        "label": "Space letters",
        "default": true
      },
      {
        "type": "checkbox",
        "id": "type_accent_transform",
        "label": "Capitalize letters",
        "default": true
      },
      {
        "type": "header",
        "content": "Body text"
      },
      {
        "type": "select",
        "id": "type_base_family",
        "label": "Font",
        "options": [
          {
            "value": "Arial, 'Helvetica Neue', Helvetica, sans-serif",
            "label": "Arial",
            "group": "Sans-serif"
          },
          {
            "value": "'Avant Garde', Avantgarde, 'Century Gothic', CenturyGothic, 'AppleGothic', sans-serif",
            "label": "Avant Garde",
            "group": "Sans-serif"
          },
          {
            "value": "Candara, Calibri, Segoe, 'Segoe UI', Optima, Arial, sans-serif",
            "label": "Candara",
            "group": "Sans-serif"
          },
          {
            "value": "Geneva, Tahoma, Verdana, sans-serif",
            "label": "Geneva",
            "group": "Sans-serif"
          },
          {
            "value": "'Gill Sans', 'Gill Sans MT', Calibri, sans-serif",
            "label": "Gill Sans",
            "group": "Sans-serif"
          },
          {
            "value": "'HelveticaNeue', 'Helvetica Neue', Helvetica, Arial, sans-serif",
            "label": "Helvetica Neue",
            "group": "Sans-serif"
          },
          {
            "value": "Google_Droid+Sans_400_sans",
            "label": "Droid Sans",
            "group": "Sans-serif | Google Web Fonts"
          },
          {
            "value": "Google_Karla_400_sans",
            "label": "Karla",
            "group": "Sans-serif | Google Web Fonts"
          },
          {
            "value": "Google_Lato_400_sans",
            "label": "Lato",
            "group": "Sans-serif | Google Web Fonts"
          },
          {
            "value": "Google_Montserrat_400_sans",
            "label": "Montserrat",
            "group": "Sans-serif | Google Web Fonts"
          },
          {
            "value": "Google_Open+Sans_400_sans",
            "label": "Open Sans",
            "group": "Sans-serif | Google Web Fonts"
          },
          {
            "value": "Google_PT+Sans_400_sans",
            "label": "PT Sans",
            "group": "Sans-serif | Google Web Fonts"
          },
          {
            "value": "Google_Roboto_400_sans",
            "label": "Roboto",
            "group": "Sans-serif | Google Web Fonts"
          },
          {
            "value": "Google_Source+Sans+Pro_400_sans",
            "label": "Source Sans Pro",
            "group": "Sans-serif | Google Web Fonts"
          },
          {
            "value": "Google_Ubuntu_400_sans",
            "label": "Ubuntu",
            "group": "Sans-serif | Google Web Fonts"
          },
          {
            "value": "'Big Caslon', 'Book Antiqua', 'Palatino Linotype', Georgia, serif",
            "label": "Big Caslon",
            "group": "Serif"
          },
          {
            "value": "'Calisto MT', 'Bookman Old Style', Bookman, 'Goudy Old Style', Garamond, 'Hoefler Text', 'Bitstream Charter', Georgia, serif",
            "label": "Calisto MT",
            "group": "Serif"
          },
          {
            "value": "Baskerville, 'Baskerville Old Face', 'Hoefler Text', Garamond, 'Times New Roman', serif",
            "label": "Baskerville",
            "group": "Serif"
          },
          {
            "value": "Garamond, Baskerville, 'Baskerville Old Face', 'Hoefler Text', 'Times New Roman', serif",
            "label": "Garamond",
            "group": "Serif"
          },
          {
            "value": "Georgia, 'Hoefler Text', 'Times New Roman', serif",
            "label": "Georgia",
            "group": "Serif"
          },
          {
            "value": "TimesNewRoman, 'Times New Roman', Times, Baskerville, Georgia, serif",
            "label": "Times New Roman",
            "group": "Serif"
          },
          {
            "value": "Google_Arapey_400_serif",
            "label": "Arapey",
            "group": "Serif | Google Web Fonts"
          },
          {
            "value": "Google_Arvo_400_serif",
            "label": "Arvo",
            "group": "Serif | Google Web Fonts"
          },
          {
            "value": "Google_Crimson+Text_400_serif",
            "label": "Crimson Text",
            "group": "Serif | Google Web Fonts"
          },
          {
            "value": "Google_Droid+Serif_400_serif",
            "label": "Droid Serif",
            "group": "Serif | Google Web Fonts"
          },
          {
            "value": "Google_Lora_400_serif",
            "label": "Lora",
            "group": "Serif | Google Web Fonts"
          },
          {
            "value": "Google_PT+Serif_400_serif",
            "label": "PT Serif",
            "group": "Serif | Google Web Fonts"
          },
          {
            "value": "Google_Vollkorn_400_serif",
            "label": "Vollkorn",
            "group": "Serif | Google Web Fonts"
          }
        ]
      },
      {
        "type": "select",
        "id": "type_base_size",
        "label": "Size",
        "options": [
          {
            "value": "14px",
            "label": "14px"
          },
          {
            "value": "15px",
            "label": "15px"
          },
          {
            "value": "16px",
            "label": "16px"
          },
          {
            "value": "17px",
            "label": "17px"
          }
        ]
      },
      {
        "type": "header",
        "content": "Navigation and buttons"
      },
      {
        "type": "select",
        "id": "type_nav_size",
        "label": "Size",
        "options": [
          {
            "value": "14px",
            "label": "14px"
          },
          {
            "value": "15px",
            "label": "15px"
          },
          {
            "value": "16px",
            "label": "16px"
          },
          {
            "value": "17px",
            "label": "17px"
          }
        ]
      },
      {
        "type": "checkbox",
        "id": "type_nav_spacing",
        "label": "Space letters",
        "default": true
      },
      {
        "type": "checkbox",
        "id": "type_nav_transform",
        "label": "Capitalize letter",
        "default": true
      }
    ]
  },
  {
    "name": "Collection page",
    "settings": [
      {
        "type": "checkbox",
        "id": "product_images_padding",
        "label": "Show frame around images",
        "default": true
      },
      {
        "type": "checkbox",
        "id": "product_vendor_enable",
        "label": "Show product vendor"
      }
    ]
  },
  {
    "name": "Social media",
    "settings": [
      {
        "type": "header",
        "content": "Social sharing image"
      },
      {
        "type": "image_picker",
        "id": "share_image",
        "label": "Image",
        "info": "Shown when sharing a link on social media. [Learn more](https://help.shopify.com/manual/using-themes/troubleshooting/showing-social-media-thumbnail-images/) about image thumbnails."
      },
      {
        "type": "header",
        "content": "Accounts"
      },
      {
        "type": "text",
        "id": "social_facebook_link",
        "label": "Facebook",
        "info": "https://www.facebook.com/shopify"
      },
      {
        "type": "text",
        "id": "social_twitter_link",
        "label": "Twitter",
        "info": "https://twitter.com/shopify"
      },
      {
        "type": "text",
        "id": "social_pinterest_link",
        "label": "Pinterest",
        "info": "https://www.pinterest.com/shopify"
      },
      {
        "type": "text",
        "id": "social_instagram_link",
        "label": "Instagram",
        "info": "https://instagram.com/shopify"
      },
      {
        "type": "text",
        "id": "social_tumblr_link",
        "label": "Tumblr",
        "info": "http://shopify.tumblr.com"
      },
      {
        "type": "text",
        "id": "social_snapchat_link",
        "label": "Snapchat",
        "info": "https://www.snapchat.com/add/shopify"
      },
      {
        "type": "text",
        "id": "social_youtube_link",
        "label": "YouTube",
        "info": "https://www.youtube.com/user/shopify"
      },
      {
        "type": "text",
        "id": "social_vimeo_link",
        "label": "Vimeo",
        "info": "https://vimeo.com/shopify"
      },
      {
        "type": "header",
        "content": "Sharing"
      },
      {
        "type": "checkbox",
        "id": "share_facebook",
        "label": "Share on Facebook",
        "default": true
      },
      {
        "type": "checkbox",
        "id": "share_twitter",
        "label": "Tweet on Twitter",
        "default": true
      },
      {
        "type": "checkbox",
        "id": "share_pinterest",
        "label": "Pin on Pinterest",
        "default": true
      }
    ]
  },
  {
    "name": "Favicon",
    "settings": [
      {
        "type": "image_picker",
        "id": "favicon",
        "label": "Favicon image",
        "info": "Will be scaled down to 32 x 32px"
      }
    ]
  }
]